id,title,description,category,vertices,polyCount,marketplaceLink,thumbnail,image1,image2,image3,image4,image5
Folder1,Premium Cosmetic Tube Packaging Skincare and Sunscreen Mockup,"This is a professionally modeled cosmetic tube packaging asset, suitable for skincare, sunscreen, cream, gel, or dermatology-style products. The form is clean and modern, designed to match real-world cosmetic packaging proportions used by premium brands.

The model features a realistic tube body with subtle curvature, a detailed top crimp, and a solid cap design that reads well in both close-up hero renders and e-commerce visuals. Surface shading is optimized for studio lighting, making it ideal for product visualization, branding mockups, and advertising renders.

Topology is clean and optimized, making the asset suitable not only for high-quality renders but also for real-time use if needed. The neutral design material variations.

Technical details:
Vertices: 14,844
Polygons: 14,908

Clean, non-destructive topology
Ideal for cosmetic ads, listings, brand presentations, and portfolio use
This asset is designed to save time for designers, advertisers, and studios who need a reliable, realistic cosmetic tube without rebuilding from scratch.",Cosmetics,14844,14908,https://www.cgtrader.com/3d-models/character/other/premium-cosmetic-tube-packaging-skincare-and-sunscreen-mockup,D:\BlenderWork\UploadProjects\Model\cosmectics64\tube4.jpg,D:\BlenderWork\UploadProjects\Model\cosmectics64\tube1.jpg,D:\BlenderWork\UploadProjects\Model\cosmectics64\tube3.jpg,D:\BlenderWork\UploadProjects\Model\cosmectics64\tube8.jpg,D:\BlenderWork\UploadProjects\Model\cosmectics64\tube11.jpg,D:\BlenderWork\UploadProjects\Model\cosmectics64\tube12.jpg
Folder10,Premium Amber Glass Serum Bottle with Dropper Luxury Cosmetic ,"A high-quality 3D model of a luxury cosmetic serum bottle featuring an amber glass body and a precision dropper cap. Designed for premium skincare and pharmaceutical visualizations, this model is ideal for product renders, advertisements, packaging mockups, and e-commerce presentations.

The amber glass aesthetic communicates protection for light-sensitive formulations such as vitamin C serums, facial oils, and active concentrates. Clean geometry, realistic proportions, and a separated dropper assembly make it suitable for close-up hero shots and animation workflows.

Technical Details:
Vertices: 19,204
Polygons: 19,200

Perfect for cosmetic branding, product visualization, and high-end marketing scenes.",Cosmetics,19204,19200,https://www.cgtrader.com/3d-models/character/other/premium-amber-glass-serum-bottle-with-dropper-luxury-cosmetic,D:\BlenderWork\UploadProjects\Model\Cosmetics63\serum1.jpg,D:\BlenderWork\UploadProjects\Model\Cosmetics63\serum4.jpg,D:\BlenderWork\UploadProjects\Model\Cosmetics63\serum6.jpg,D:\BlenderWork\UploadProjects\Model\Cosmetics63\serum7.jpg,D:\BlenderWork\UploadProjects\Model\Cosmetics63\serum15.jpg,D:\BlenderWork\UploadProjects\Model\Cosmetics63\serum8.jpg
Folder2,Realistic Flexible Refill Spout Pouch Neutral Plastic Packaging ,"A high-quality, realistic flexible refill pouch with corner spout, created for cosmetic, personal care, household, and liquid product packaging visualizations.

The model features believable soft-plastic deformation, natural wrinkle flow, and a filled-volume silhouette that reads correctly from front, angle, and side views. Surface detailing is intentionally balanced to avoid over-sculpting, ensuring realistic behavior under different lighting conditions.

The pouch uses a neutral plastic material, making it ideal for easy re-branding and label customization. Clean topology and stable shading make it suitable for both close-up and mid-distance renders in professional product visualization workflows.

Technical details:
Vertices: 19,582
Polygons: 19,612

Ideal for:
cosmetics refill packs, shampoo & conditioner pouches, liquid soap, detergents, food sauces, eco-refill packaging, and advertising visuals.

Key Features
Realistic flexible plastic deformation
Neutral, brand-ready material
Clean topology and smooth shading
Accurate spout and cap construction
Suitable for product renders and mockups",Cosmetics,19582,19612,https://www.cgtrader.com/3d-models/character/other/realistic-flexible-refill-spout-pouch-neutral-plastic-packaging,D:\BlenderWork\UploadProjects\Model\Cosmetics62\SAUCET3.png,D:\BlenderWork\UploadProjects\Model\Cosmetics62\SAUCET6.png,D:\BlenderWork\UploadProjects\Model\Cosmetics62\SAUCET7.png,D:\BlenderWork\UploadProjects\Model\Cosmetics62\SAUCET9.png,D:\BlenderWork\UploadProjects\Model\Cosmetics62\SAUCET10.png,D:\BlenderWork\UploadProjects\Model\Cosmetics62\SAUCET11.png
Folder3,Realistic Cosmetic Bottle Set 2 Sizes Neutral Plastic Packaging,"A high-quality realistic cosmetic bottle set featuring two matching bottle sizes, designed for product visualization, branding mockups, and e-commerce renders.",Cosmetics,30308,30300,https://www.cgtrader.com/3d-models/character/other/realistic-cosmetic-bottle-set-2-sizes-neutral-plastic-packaging,D:\BlenderWork\UploadProjects\Model\cOSMETICS61\BOTTLE.png,D:\BlenderWork\UploadProjects\Model\cOSMETICS61\BOTTLE1.png,D:\BlenderWork\UploadProjects\Model\cOSMETICS61\BOTTLE5.png,D:\BlenderWork\UploadProjects\Model\cOSMETICS61\BOTTLE10.png,D:\BlenderWork\UploadProjects\Model\cOSMETICS61\BOTTLE11.png,D:\BlenderWork\UploadProjects\Model\cOSMETICS61\BOTTLE.png
Folder4,Realistic Glass Cosmetic Cream Jar with Plastic Lid,"A high-quality realistic glass cosmetic cream jar designed for product visualization, branding mockups, and e-commerce renders. The model features accurate proportions, clean topology, and a neutral design suitable for a wide range of skincare and cosmetic products.

The jar includes realistic glass thickness, detailed screw threads, and a minimal plastic lid, making it ideal for creams, balms, gels, masks, and luxury cosmetic presentations. Materials are kept neutral for easy customization and re-branding.

Optimized for close-up renders and professional workflows, this asset works well for advertising visuals, packaging previews, and digital product showcases.

Technical details
Vertices: 11,044
Polygons: 11,040

This model is suitable for both realistic studio renders and real-time applications where clean geometry and visual clarity are required.",Cosmetics,11044,11040,https://www.cgtrader.com/3d-models/character/other/realistic-glass-cosmetic-cream-jar-with-plastic-lid,D:\BlenderWork\UploadProjects\Model\Cosmetics60\jar1.jpg,D:\BlenderWork\UploadProjects\Model\Cosmetics60\jar8.jpg,D:\BlenderWork\UploadProjects\Model\Cosmetics60\jar10.jpg,D:\BlenderWork\UploadProjects\Model\Cosmetics60\jar8.jpg,D:\BlenderWork\UploadProjects\Model\Cosmetics60\jar5.jpg,D:\BlenderWork\UploadProjects\Model\Cosmetics60\jar2.jpg
,,,,,,,,,,,,
,,,,,,,,,,,,
,,,,,,,,,,,,
,,,,,,,,,,,,
,,,,,,,,,,,,
,,,,,,,,,,,,
,,,,,,,,,,,,
,,,,,,,,,,,,
,,,,,,,,,,,,
,,,,,,,,,,,,
,,,,,,,,,,,,
,,,,,,,,,,,,
,,,,,,,,,,,,
,,,,,,,,,,,,
